Attributed_Touch_Type,Attributed_Touch_Time,Install_Time,Event_Time,Event_Name,Event_Value,Event_Revenue,Event_Revenue_Currency,Event_Revenue_USD,Event_Source,Is_Receipt_Validated,Partner,Media_Source,Channel,Keywords,Campaign,Campaign_ID,Adset,Adset_ID,Ad,Ad_ID,Ad_Type,Site_ID,Sub_Site_ID,Sub_Param_1,Sub_Param_2,Sub_Param_3,Sub_Param_4,Sub_Param_5,Cost_Model,Cost_Value,Cost_Currency,Contributor_1_Partner,Contributor_1_Media_Source,Contributor_1_Campaign,Contributor_1_Touch_Type,Contributor_1_Touch_Time,Contributor_2_Partner,Contributor_2_Media_Source,Contributor_2_Campaign,Contributor_2_Touch_Type,Contributor_2_Touch_Time,Contributor_3_Partner,Contributor_3_Media_Source,Contributor_3_Campaign,Contributor_3_Touch_Type,Contributor_3_Touch_Time,Region,Country_Code,State,City,Postal_Code,DMA,IP,WIFI,Operator,Carrier,Language,AppsFlyer_ID,Advertising_ID,IDFA,Android_ID,Customer_User_ID,IMEI,IDFV,Platform,Device_Type,OS_Version,App_Version,SDK_Version,App_ID,App_Name,Bundle_ID,Is_Retargeting,Retargeting_Conversion_Type,Attribution_Lookback,Reengagement_Window,Is_Primary_Attribution,User_Agent,HTTP_Referrer,Original_URL
click,,2025-06-07 16:57:14,2025-06-07 16:57:14,install,,,,,SDK,,,Apple Search Ads,,clear water,SPK_US_Discovery_14/04,1823833913,US_Broad,1824085852,,,,,,,,,,,,,,,,,,,,,,,,,,,,,AS,IQ,DA,Khalilan,42,,109.127.82.70,True,,,,1749315341389-5995160,,7EEECF94-3810-421F-A941-B7E73B122AD7,,,,C5995CE1-6E00-49CC-8621-D31643A080E8,ios,,16.7.10,1.1,v6.15.2,id6743389913,WaveTune - Speaker Cleaner,com.app.clean.speaker.ware,False,,7d,,,SpeakerClean/13 CFNetwork/1410.1 Darwin/22.6.0,,
click,,2025-06-07 16:15:49,2025-06-07 16:15:49,install,,,,,SDK,,,Apple Search Ads,,clear wave,SPK_US_Discovery_14/04,1823833913,US_Broad,1824085852,,,,,,,,,,,,,,,,,,,,,,,,,,,,,,US,PA,Philadelphia,19140,504.0,174.173.66.144,True,,,,1749312936919-6190836,,9465EB3A-073E-4641-8973-B1626CC57FC1,,,,E619083F-6684-4EB6-BA36-18F6C8E4CE55,ios,,18.4.1,1.1,v6.15.2,id6743389913,WaveTune - Speaker Cleaner,com.app.clean.speaker.ware,False,,7d,,,SpeakerClean/13 CFNetwork/3826.500.111.2.2 Darwin/24.4.0,,
click,,2025-06-07 12:08:06,2025-06-07 12:08:06,install,,,,,SDK,,,Apple Search Ads,,water out of speaker,SPK_US_Discovery_14/04,1823833913,US_Broad,1824085852,,,,,,,,,,,,,,,,,,,,,,,,,,,,,EU,RU,ULY,Ulyanovsk,432010,643007.0,178.178.208.188,False,,,,1749298075115-1195289,,,,,,119F52BD-8AC9-42B1-A447-39F49D243FA4,ios,,18.5,1.1,v6.15.2,id6743389913,WaveTune - Speaker Cleaner,com.app.clean.speaker.ware,False,,7d,,,SpeakerClean/13 CFNetwork/3826.500.131 Darwin/24.5.0,,
click,,2025-06-07 11:35:27,2025-06-07 11:35:27,install,,,,,SDK,,,Apple Search Ads,,water out of speaker,SPK_US_Discovery_14/04,1823833913,US_Broad,1824085852,,,,,,,,,,,,,,,,,,,,,,,,,,,,,EU,RU,MOW,Moscow,107370,643001.0,176.59.160.63,False,,,,1749296105833-5219674,,6D2485A4-05AA-4111-8E09-523B2588B214,,,,5CA2F1C9-D67F-42C5-91D1-2E67A01ED6B0,ios,,18.3.2,1.1,v6.15.2,id6743389913,WaveTune - Speaker Cleaner,com.app.clean.speaker.ware,False,,7d,,,SpeakerClean/13 CFNetwork/3826.400.120 Darwin/24.3.0,,
click,,2025-06-07 11:29:57,2025-06-07 11:29:57,install,,,,,SDK,,,Apple Search Ads,,clear wave,SPK_US_Discovery_14/04,1823833913,US_Broad,1824085852,,,,,,,,,,,,,,,,,,,,,,,,,,,,,AS,TH,63,Mae Sot,63110,,203.146.227.66,True,,,,1749295777043-7793498,,E570E5CC-8468-4CF0-9C49-895E843D3997,,,,7BBA7934-9816-4F35-AE7F-BDEB813A0C92,ios,,18.4.1,1.1,v6.15.2,id6743389913,WaveTune - Speaker Cleaner,com.app.clean.speaker.ware,False,,7d,,,SpeakerClean/13 CFNetwork/3826.500.111.2.2 Darwin/24.4.0,,
click,,2025-06-07 10:33:15,2025-06-07 10:33:15,install,,,,,SDK,,,Apple Search Ads,,water eject,SPK_US_Discovery_14/04,1823833913,US_Broad,1824085852,,,,,,,,,,,,,,,,,,,,,,,,,,,,,EU,CH,ZG,Hunenberg,6331,,176.10.111.16,True,,,,1749292366246-1245461,,1C04E496-F9B1-4E03-88BF-CAF65CD7D220,,,,12FE45E4-D616-4535-81D9-2C00241C854F,ios,,18.5,1.1,v6.15.2,id6743389913,WaveTune - Speaker Cleaner,com.app.clean.speaker.ware,False,,7d,,,SpeakerClean/13 CFNetwork/3826.500.131 Darwin/24.5.0,,
click,,2025-06-07 09:35:30,2025-06-07 09:35:30,install,,,,,SDK,,,Apple Search Ads,,water eject,SPK_US_Discovery_14/04,1823833913,US_Broad,1824085852,,,,,,,,,,,,,,,,,,,,,,,,,,,,,EU,RU,ROS,Volgodonsk,347380,643002.0,85.249.162.2,False,,,,1749288907470-5981834,,,,,,5B9A8EAA-18B3-4E8E-9CC5-8409045D881B,ios,,16.7.11,1.1,v6.15.2,id6743389913,WaveTune - Speaker Cleaner,com.app.clean.speaker.ware,False,,7d,,,SpeakerClean/13 CFNetwork/1410.1 Darwin/22.6.0,,
click,,2025-06-07 08:06:09,2025-06-07 08:06:09,install,,,,,SDK,,,Apple Search Ads,,eject water,SPK_US_Discovery_14/04,1823833913,US_Broad,1824085852,,,,,,,,,,,,,,,,,,,,,,,,,,,,,AF,EG,KFS,Lasyfr,33658,,41.235.16.108,True,,,,1749283518442-3611299,,,,,,36112F99-83CD-4C85-BFCC-079F8BB1D461,ios,,15.8.4,1.1,v6.15.2,id6743389913,WaveTune - Speaker Cleaner,com.app.clean.speaker.ware,False,,7d,,,SpeakerClean/13 CFNetwork/1335.0.3.4 Darwin/21.6.0,,
click,,2025-06-07 06:51:11,2025-06-07 06:51:11,install,,,,,SDK,,,Apple Search Ads,,speaker cleaner,SPK_US_Discovery_14/04,1823833913,US_Broad,1824085852,,,,,,,,,,,,,,,,,,,,,,,,,,,,,AS,IQ,AR,Kalak,44018,,212.237.122.251,False,,,,1749279037880-5601511,,,,,,5A60151F-1CBE-4F6C-8280-ECE85C279BF4,ios,,18.3.2,1.1,v6.15.2,id6743389913,WaveTune - Speaker Cleaner,com.app.clean.speaker.ware,False,,7d,,,SpeakerClean/13 CFNetwork/3826.400.120 Darwin/24.3.0,,
click,,2025-06-07 03:41:58,2025-06-07 03:41:58,install,,,,,SDK,,,Apple Search Ads,,water eject,SPK_US_Discovery_14/04,1823833913,US_Broad,1824085852,,,,,,,,,,,,,,,,,,,,,,,,,,,,,,US,OH,Toledo,43604,547.0,172.58.124.191,False,,,,1749267673896-1048561,,35F7F1DC-5F2E-4571-86DF-0F0BEB316BC6,,,,1C04EB85-6BE1-417D-8C23-F953ED61C5FA,ios,,18.3.1,1.1,v6.15.2,id6743389913,WaveTune - Speaker Cleaner,com.app.clean.speaker.ware,False,,7d,,,SpeakerClean/13 CFNetwork/3826.400.120 Darwin/24.3.0,,
click,,2025-06-07 01:45:18,2025-06-07 01:45:18,install,,,,,SDK,,,Apple Search Ads,,water eject,SPK_US_Discovery_14/04,1823833913,US_Broad,1824085852,,,,,,,,,,,,,,,,,,,,,,,,,,,,,,US,FL,St Augustine,32092,561.0,172.59.71.227,False,,,,1749260708414-7833218,,,,,,D783E32C-CC18-42B7-8CD7-DAA28E7CE389,ios,,18.5,1.1,v6.15.2,id6743389913,WaveTune - Speaker Cleaner,com.app.clean.speaker.ware,False,,7d,,,SpeakerClean/13 CFNetwork/3826.500.131 Darwin/24.5.0,,
click,,2025-06-07 01:43:57,2025-06-07 01:43:57,install,,,,,SDK,,,Apple Search Ads,,clear wave,SPK_US_Discovery_14/04,1823833913,US_Broad,1824085852,,,,,,,,,,,,,,,,,,,,,,,,,,,,,,US,CA,Los Angeles,90044,803.0,172.249.255.179,True,,,,1749260615137-7898624,,B59F8FB7-E8E7-4AE9-86D3-B917086D92BA,,,,78986DDE-2AAD-47FB-8CBC-39745FB4D1F1,ios,,18.3.2,1.1,v6.15.2,id6743389913,WaveTune - Speaker Cleaner,com.app.clean.speaker.ware,False,,7d,,,SpeakerClean/13 CFNetwork/3826.400.120 Darwin/24.3.0,,
click,,2025-06-07 01:39:01,2025-06-07 01:39:01,install,,,,,SDK,,,Apple Search Ads,,water eject,SPK_US_Discovery_14/04,1823833913,US_Broad,1824085852,,,,,,,,,,,,,,,,,,,,,,,,,,,,,,US,KY,Harrodsburg,40330,541.0,108.244.237.181,True,,,,1749260327728-4675444,,,,,,467AAB54-DFE4-4E17-A9B2-4CF6FF3D6D12,ios,,18.3.2,1.1,v6.15.2,id6743389913,WaveTune - Speaker Cleaner,com.app.clean.speaker.ware,False,,7d,,,SpeakerClean/13 CFNetwork/3826.400.120 Darwin/24.3.0,,
click,,2025-06-06 23:46:19,2025-06-06 23:46:19,install,,,,,SDK,,,Apple Search Ads,,clear water,SPK_US_Discovery_14/04,1823833913,US_Broad,1824085852,,,,,,,,,,,,,,,,,,,,,,,,,,,,,,US,SC,Lexington,29073,546.0,24.88.91.107,True,,,,1749253574828-3559818,,,,,,3A55981D-C863-4C69-8F41-9715D3A14DBA,ios,,18.5,1.1,v6.15.2,id6743389913,WaveTune - Speaker Cleaner,com.app.clean.speaker.ware,False,,7d,,,SpeakerClean/13 CFNetwork/3826.500.131 Darwin/24.5.0,,
click,,2025-06-06 22:44:28,2025-06-06 22:44:28,install,,,,,SDK,,,Apple Search Ads,,clean wave,SPK_US_Discovery_14/04,1823833913,US_Broad,1824085852,,,,,,,,,,,,,,,,,,,,,,,,,,,,,,US,MA,Boston,02118,506.0,172.56.192.186,False,,,,1749249671936-4941284,,,,,,4E9FF4D1-28BD-48C8-B5A4-2A7744E924BD,ios,,18.1.1,1.1,v6.15.2,id6743389913,WaveTune - Speaker Cleaner,com.app.clean.speaker.ware,False,,7d,,,SpeakerClean/13 CFNetwork/1568.200.51 Darwin/24.1.0,,
click,,2025-06-06 19:09:44,2025-06-06 19:09:44,install,,,,,SDK,,,Apple Search Ads,,water eject,SPK_US_Discovery_14/04,1823833913,US_Broad,1824085852,,,,,,,,,,,,,,,,,,,,,,,,,,,,,EU,RU,VGG,Volgograd,400078,643002.0,85.249.174.39,False,,,,1749236948139-5523218,,,,,,55232ABB-1D82-4CE6-9F6A-09A766D367A5,ios,,16.7.11,1.1,v6.15.2,id6743389913,WaveTune - Speaker Cleaner,com.app.clean.speaker.ware,False,,7d,,,SpeakerClean/13 CFNetwork/1410.1 Darwin/22.6.0,,
click,,2025-06-06 17:50:03,2025-06-06 17:50:03,install,,,,,SDK,,,Apple Search Ads,,clear wave,SPK_US_Discovery_14/04,1823833913,US_Broad,1824085852,,,,,,,,,,,,,,,,,,,,,,,,,,,,,EU,DE,NW,Heinsberg,52525,276002.0,148.153.222.2,True,,,,1749232182290-3508543,,AB57BE5B-28C6-494A-8168-38DABA754A9E,,,,F350BB85-4338-4E83-8341-4723D2EE4BF3,ios,,17.5.1,1.1,v6.15.2,id6743389913,WaveTune - Speaker Cleaner,com.app.clean.speaker.ware,False,,7d,,,SpeakerClean/13 CFNetwork/1496.0.7 Darwin/23.5.0,,
click,,2025-06-06 17:27:03,2025-06-06 17:27:03,install,,,,,SDK,,,Apple Search Ads,,water remover,SPK_US_Discovery_14/04,1823833913,US_Broad,1824085852,,,,,,,,,,,,,,,,,,,,,,,,,,,,,,US,CA,La Mirada,90638,803.0,172.56.234.110,False,,,,1749230713860-5070458,,8C5D5427-DB23-4D72-9B68-EA3D77DECBB3,,,,5070ADB4-B589-42BB-AB7D-631A523899F3,ios,,18.4.1,1.1,v6.15.2,id6743389913,WaveTune - Speaker Cleaner,com.app.clean.speaker.ware,False,,7d,,,SpeakerClean/13 CFNetwork/3826.500.111.2.2 Darwin/24.4.0,,
click,,2025-06-06 16:44:48,2025-06-06 16:44:48,install,,,,,SDK,,,Apple Search Ads,,clear wave,SPK_US_Discovery_14/04,1823833913,US_Broad,1824085852,,,,,,,,,,,,,,,,,,,,,,,,,,,,,AS,IR,07,Kavar,71,,5.216.200.249,False,,,,1749228244257-7128540,,,,,,DE71AFC2-AB85-4B03-A806-3760C8ABB9B7,ios,,18.5,1.1,v6.15.2,id6743389913,WaveTune - Speaker Cleaner,com.app.clean.speaker.ware,False,,7d,,,SpeakerClean/13 CFNetwork/3826.500.131 Darwin/24.5.0,,
click,,2025-06-06 16:31:22,2025-06-06 16:31:22,install,,,,,SDK,,,Apple Search Ads,,clear wave,SPK_US_Discovery_14/04,1823833913,US_Broad,1824085852,,,,,,,,,,,,,,,,,,,,,,,,,,,,,EU,DE,SN,Falkenstein,08223,276008.0,49.13.221.62,True,,,,1749227138890-1054714,,88DCF964-6809-4160-A6F0-DA60A240F289,,,,C1DA054B-71AE-4B73-B161-F67B11907D17,ios,,18.1.1,1.1,v6.15.2,id6743389913,WaveTune - Speaker Cleaner,com.app.clean.speaker.ware,False,,7d,,,SpeakerClean/13 CFNetwork/1568.200.51 Darwin/24.1.0,,
click,,2025-06-06 15:59:44,2025-06-06 15:59:44,install,,,,,SDK,,,Apple Search Ads,,clear water,SPK_US_Discovery_14/04,1823833913,US_Broad,1824085852,,,,,,,,,,,,,,,,,,,,,,,,,,,,,AF,ET,AA,Adis Abeba,,,196.189.144.181,True,,,,1749224946582-0971934,,3729CB6C-5292-4FD1-82BB-99DBA7FA121D,,,,0FED9FB7-1A93-41BD-83CD-CB3340A942D8,ios,,18.5,1.1,v6.15.2,id6743389913,WaveTune - Speaker Cleaner,com.app.clean.speaker.ware,False,,7d,,,SpeakerClean/13 CFNetwork/3826.500.131 Darwin/24.5.0,,
click,,2025-06-06 15:36:18,2025-06-06 15:36:18,install,,,,,SDK,,,Apple Search Ads,,clear wave,SPK_US_Discovery_14/04,1823833913,US_Broad,1824085852,,,,,,,,,,,,,,,,,,,,,,,,,,,,,AS,IR,03,Marand,54,,83.120.38.28,False,,,,1749224140324-9483974,,0B7D0126-5AB7-492F-9EA6-6BFC6266D966,,,,A9F4E83C-B97A-41CF-9438-8D2FD54CCD5F,ios,,18.2.1,1.1,v6.15.2,id6743389913,WaveTune - Speaker Cleaner,com.app.clean.speaker.ware,False,,7d,,,SpeakerClean/13 CFNetwork/1568.300.101 Darwin/24.2.0,,
click,,2025-06-06 15:03:47,2025-06-06 15:03:47,install,,,,,SDK,,,Apple Search Ads,,clear wave,SPK_US_Discovery_14/04,1823833913,US_Broad,1824085852,,,,,,,,,,,,,,,,,,,,,,,,,,,,,EU,NL,NH,Amsterdam,1073 va,,51.158.241.106,True,,,,1749222191128-7602185,,,,,,7602C185-A314-4224-8C70-27569167E36C,ios,,18.5,1.1,v6.15.2,id6743389913,WaveTune - Speaker Cleaner,com.app.clean.speaker.ware,False,,7d,,,SpeakerClean/13 CFNetwork/3826.500.131 Darwin/24.5.0,,
click,,2025-06-06 11:42:11,2025-06-06 11:42:11,install,,,,,SDK,,,Apple Search Ads,,clear wave,SPK_US_Discovery_14/04,1823833913,US_Broad,1824085852,,,,,,,,,,,,,,,,,,,,,,,,,,,,,AF,NG,LA,Lagos,100211,,102.89.23.149,False,,,,1749210050186-8322081,,14EA2C64-2BB5-46AC-8A74-EF079904F6D1,,,,8CB3F220-81CE-40A4-B0CF-1F9D0709615B,ios,,18.3.2,1.1,v6.15.2,id6743389913,WaveTune - Speaker Cleaner,com.app.clean.speaker.ware,False,,7d,,,SpeakerClean/13 CFNetwork/3826.400.120 Darwin/24.3.0,,
click,,2025-06-06 10:36:09,2025-06-06 10:36:09,install,,,,,SDK,,,Apple Search Ads,,clear wave,SPK_US_Discovery_14/04,1823833913,US_Broad,1824085852,,,,,,,,,,,,,,,,,,,,,,,,,,,,,,US,NY,New York,10025,501.0,38.91.100.59,True,,,,1749206087196-7480185,,,,,,7D4801F8-5739-4530-AFDB-49E7EAE82B62,ios,,17.7,1.1,v6.15.2,id6743389913,WaveTune - Speaker Cleaner,com.app.clean.speaker.ware,False,,7d,,,SpeakerClean/13 CFNetwork/1498.700.2 Darwin/23.6.0,,
click,,2025-06-06 10:13:37,2025-06-06 10:13:37,install,,,,,SDK,,,Apple Search Ads,,clear water,SPK_US_Discovery_14/04,1823833913,US_Broad,1824085852,,,,,,,,,,,,,,,,,,,,,,,,,,,,,EU,UA,51,Odesa,65047,,46.211.112.75,False,,,,1749204796656-0749404,,21704941-8777-4232-A395-F1B3FCAD3FD8,,,,0F7AAA4D-A940-45DC-B02B-962FB63E876D,ios,,18.2.1,1.1,v6.15.2,id6743389913,WaveTune - Speaker Cleaner,com.app.clean.speaker.ware,False,,7d,,,SpeakerClean/13 CFNetwork/1568.300.101 Darwin/24.2.0,,
click,,2025-06-06 03:36:18,2025-06-06 03:36:18,install,,,,,SDK,,,Apple Search Ads,,clear wave,SPK_US_Discovery_14/04,1823833913,US_Broad,1824085852,,,,,,,,,,,,,,,,,,,,,,,,,,,,,AS,IQ,AR,Arbil,44,,212.237.123.16,False,,,,1749180968823-7014064,,A3CF81FD-D6DC-4EAD-B397-AB884C5412BD,,,,7AC0AE1A-4A06-4BFB-9FC4-AEFDBC9B133B,ios,,18.5,1.1,v6.15.2,id6743389913,WaveTune - Speaker Cleaner,com.app.clean.speaker.ware,False,,7d,,,SpeakerClean/13 CFNetwork/3826.500.131 Darwin/24.5.0,,
click,,2025-06-06 03:04:30,2025-06-06 03:04:30,install,,,,,SDK,,,Apple Search Ads,,water out of speaker,SPK_US_Discovery_14/04,1823833913,US_Broad,1824085852,,,,,,,,,,,,,,,,,,,,,,,,,,,,,,US,NC,Raeford,28376,560.0,69.133.145.39,True,,,,1749179065295-5947399,,,,,,5FC9C473-99F4-452A-A979-635DB09EEA0E,ios,,18.5,1.1,v6.15.2,id6743389913,WaveTune - Speaker Cleaner,com.app.clean.speaker.ware,False,,7d,,,SpeakerClean/13 CFNetwork/3826.500.131 Darwin/24.5.0,,
click,,2025-06-05 23:13:16,2025-06-05 23:13:16,install,,,,,SDK,,,Apple Search Ads,,clear wave,SPK_US_Discovery_14/04,1823833913,US_Broad,1824085852,,,,,,,,,,,,,,,,,,,,,,,,,,,,,AS,IQ,SU,Gulak,46,,185.84.71.180,False,,,,1749164834951-4890942,,,,,,D48DF90D-B9EC-4EF2-83B6-1F2004A513E0,ios,,18.3.2,1.1,v6.15.2,id6743389913,WaveTune - Speaker Cleaner,com.app.clean.speaker.ware,False,,7d,,,SpeakerClean/13 CFNetwork/3826.400.120 Darwin/24.3.0,,
click,,2025-06-05 22:41:38,2025-06-05 22:41:38,install,,,,,SDK,,,Apple Search Ads,,clear wave,SPK_US_Discovery_14/04,1823833913,US_Broad,1824085852,,,,,,,,,,,,,,,,,,,,,,,,,,,,,,US,FL,Bradenton,34203,539.0,47.195.80.225,True,,,,1749163129922-8121934,,F5ADC637-1AD8-4527-9E25-DA20DB6C98E5,,,,8BF1A2DD-19D3-45FF-8E0E-B01A894FA209,ios,,18.5,1.1,v6.15.2,id6743389913,WaveTune - Speaker Cleaner,com.app.clean.speaker.ware,False,,7d,,,SpeakerClean/13 CFNetwork/3826.500.131 Darwin/24.5.0,,
click,,2025-06-05 20:11:57,2025-06-05 20:11:57,install,,,,,SDK,,,Apple Search Ads,,water eject,SPK_US_Discovery_14/04,1823833913,US_Broad,1824085852,,,,,,,,,,,,,,,,,,,,,,,,,,,,,EU,RU,KOS,Kostroma,156016,643001.0,5.142.43.50,False,,,,1749154298074-6137642,,,,,,61EDC37C-BDF6-4FC2-8B93-DEA042F726EB,ios,,17.2.1,1.1,v6.15.2,id6743389913,WaveTune - Speaker Cleaner,com.app.clean.speaker.ware,False,,7d,,,SpeakerClean/13 CFNetwork/1490.0.4 Darwin/23.2.0,,
click,,2025-06-05 20:04:31,2025-06-05 20:04:31,install,,,,,SDK,,,Apple Search Ads,,speaker cleaner,SPK_US_Discovery_14/04,1823833913,US_Broad,1824085852,,,,,,,,,,,,,,,,,,,,,,,,,,,,,,US,CA,Los Angeles,90042,803.0,174.218.96.207,False,,,,1749153350260-8995650,,,,,,8F995EC6-C503-473C-B2CE-260816D94BB8,ios,,18.5,1.1,v6.15.2,id6743389913,WaveTune - Speaker Cleaner,com.app.clean.speaker.ware,False,,7d,,,SpeakerClean/13 CFNetwork/3826.500.131 Darwin/24.5.0,,
click,,2025-06-05 19:36:23,2025-06-05 19:36:23,install,,,,,SDK,,,Apple Search Ads,,clear wave,SPK_US_Discovery_14/04,1823833913,US_Broad,1824085852,,,,,,,,,,,,,,,,,,,,,,,,,,,,,,US,NV,Las Vegas,89119,839.0,107.77.229.224,False,,,,1749152173153-1052794,,,,,,DCD10ED5-2F79-41C1-BADC-28A67121B984,ios,,18.5,1.1,v6.15.2,id6743389913,WaveTune - Speaker Cleaner,com.app.clean.speaker.ware,False,,7d,,,SpeakerClean/13 CFNetwork/3826.500.131 Darwin/24.5.0,,
click,,2025-06-05 18:27:33,2025-06-05 18:27:33,install,,,,,SDK,,,Apple Search Ads,,clear wave,SPK_US_Discovery_14/04,1823833913,US_Broad,1824085852,,,,,,,,,,,,,,,,,,,,,,,,,,,,,,US,PA,St Marys,15857,574.0,64.188.159.115,True,,,,1749148032538-0754045,,,,,,F07D54E0-452C-4B00-BD4B-A6E238C9B98F,ios,,16.2,1.1,v6.15.2,id6743389913,WaveTune - Speaker Cleaner,com.app.clean.speaker.ware,False,,7d,,,SpeakerClean/13 CFNetwork/1402.0.8 Darwin/22.2.0,,
click,,2025-06-05 18:14:52,2025-06-05 18:14:52,install,,,,,SDK,,,Apple Search Ads,,clear wave,SPK_US_Discovery_14/04,1823833913,US_Broad,1824085852,,,,,,,,,,,,,,,,,,,,,,,,,,,,,AF,ZM,09,Chalimbana,,,102.212.182.74,False,,,,1749147241718-0342287,,9C6002AF-A3B7-413E-9B1B-669D1BB10ED5,,,,0342DD28-707C-43C5-9B53-55F323790C22,ios,,18.5,1.1,v6.15.2,id6743389913,WaveTune - Speaker Cleaner,com.app.clean.speaker.ware,False,,7d,,,SpeakerClean/13 CFNetwork/3826.500.131 Darwin/24.5.0,,
click,,2025-06-05 17:37:12,2025-06-05 17:37:12,install,,,,,SDK,,,Apple Search Ads,,clear wave,SPK_US_Discovery_14/04,1823833913,US_Broad,1824085852,,,,,,,,,,,,,,,,,,,,,,,,,,,,,,US,TX,Houston,77066,618.0,73.232.226.45,True,,,,1749143839347-9185034,,,,,,9A1B85FE-03CA-4FA4-9BB3-50A1F21662C7,ios,,17.6.1,1.1,v6.15.2,id6743389913,WaveTune - Speaker Cleaner,com.app.clean.speaker.ware,False,,7d,,,SpeakerClean/13 CFNetwork/1498.700.2 Darwin/23.6.0,,
click,,2025-06-05 13:53:27,2025-06-05 13:53:27,install,,,,,SDK,,,Apple Search Ads,,water remover,SPK_US_Discovery_14/04,1823833913,US_Broad,1824085852,,,,,,,,,,,,,,,,,,,,,,,,,,,,,,US,FL,Ormond Beach,32174,534.0,35.137.186.202,True,,,,1749131587007-5037334,,,,,,E5BC037B-C3E3-4EF4-B4DF-3413FC00D10D,ios,,18.5,1.1,v6.15.2,id6743389913,WaveTune - Speaker Cleaner,com.app.clean.speaker.ware,False,,7d,,,SpeakerClean/13 CFNetwork/3826.500.131 Darwin/24.5.0,,
click,2025-06-05 13:01:00,2025-06-05 13:01:33,2025-06-05 13:01:33,install,,,,,SDK,,,Apple Search Ads,,water remover,SPK_US_Discovery_14/04,1823833913,US_Broad,1824085852,,,,,,,,,,,,,,,,,,,,,,,,,,,,,EU,NL,NH,Amsterdam,1073 va,,51.158.237.37,True,,,,1749128440517-7623062,,5ECC38BE-95F9-4ADB-A1F8-9BDB586E9988,,,,762B30B6-2E98-43B0-A5E1-3C0EDA4309D1,ios,,18.3.2,1.1,v6.15.2,id6743389913,WaveTune - Speaker Cleaner,com.app.clean.speaker.ware,False,,7d,,,SpeakerClean/13 CFNetwork/3826.400.120 Darwin/24.3.0,,
click,,2025-06-05 12:34:15,2025-06-05 12:34:15,install,,,,,SDK,,,Apple Search Ads,,water remover,SPK_US_Discovery_14/04,1823833913,US_Broad,1824085852,,,,,,,,,,,,,,,,,,,,,,,,,,,,,AS,MM,04,Khin Thar,0522258,,69.160.30.219,False,,,,1749126764633-6383434,,09456E3E-8627-418B-9747-E52F41CA446D,,,,6383434F-A09A-46FA-91A9-2CCAA495F744,ios,,18.5,1.1,v6.15.2,id6743389913,WaveTune - Speaker Cleaner,com.app.clean.speaker.ware,False,,7d,,,SpeakerClean/13 CFNetwork/3826.500.131 Darwin/24.5.0,,
click,,2025-06-05 07:13:41,2025-06-05 07:13:41,install,,,,,SDK,,,Apple Search Ads,,water remover,SPK_US_Discovery_14/04,1823833913,US_Broad,1824085852,,,,,,,,,,,,,,,,,,,,,,,,,,,,,AS,IR,10,Lenjan,84,,5.218.49.82,False,,,,1749107600565-8279792,,67FF26CA-23AB-4B60-BAE7-AC9D2D3764BE,,,,D82E7FFF-9792-4ADB-8150-8A83549F834C,ios,,18.4.1,1.1,v6.15.2,id6743389913,WaveTune - Speaker Cleaner,com.app.clean.speaker.ware,False,,7d,,,SpeakerClean/13 CFNetwork/3826.500.111.2.2 Darwin/24.4.0,,
click,,2025-06-05 07:08:56,2025-06-05 07:08:56,install,,,,,SDK,,,Apple Search Ads,,eject water,SPK_US_Discovery_14/04,1823833913,US_Broad,1824085852,,,,,,,,,,,,,,,,,,,,,,,,,,,,,,US,MI,New Boston,48164,505.0,47.40.163.202,True,,,,1749107329199-4399886,,,,,,CA43998D-8C63-4BE0-9C9D-DADE5E70C52E,ios,,18.5,1.1,v6.15.2,id6743389913,WaveTune - Speaker Cleaner,com.app.clean.speaker.ware,False,,7d,,,SpeakerClean/13 CFNetwork/3826.500.131 Darwin/24.5.0,,
click,,2025-06-05 06:18:22,2025-06-05 06:18:22,install,,,,,SDK,,,Apple Search Ads,,water out of speaker,SPK_US_Discovery_14/04,1823833913,US_Broad,1824085852,,,,,,,,,,,,,,,,,,,,,,,,,,,,,EU,RU,OMS,Cherlak,646250,643005.0,176.59.137.95,False,,,,1749103961036-4039077,,,,,,B4E039E0-77FE-4134-8D58-403FF868A5A3,ios,,18.3.1,1.1,v6.15.2,id6743389913,WaveTune - Speaker Cleaner,com.app.clean.speaker.ware,False,,7d,,,SpeakerClean/13 CFNetwork/3826.400.120 Darwin/24.3.0,,
click,,2025-06-05 02:50:38,2025-06-05 02:50:38,install,,,,,SDK,,,Apple Search Ads,,eject water,SPK_US_Discovery_14/04,1823833913,US_Broad,1824085852,,,,,,,,,,,,,,,,,,,,,,,,,,,,,,US,NC,Raeford,28376,560.0,149.154.44.105,True,,,,1749091823714-3134408,,EEA01062-D86B-4620-B289-25501D41A530,,,,3E134A40-8676-47F7-9AD8-39A2B1E1103E,ios,,18.5,1.1,v6.15.2,id6743389913,WaveTune - Speaker Cleaner,com.app.clean.speaker.ware,False,,7d,,,SpeakerClean/13 CFNetwork/3826.500.131 Darwin/24.5.0,,
click,,2025-06-05 02:39:39,2025-06-05 02:39:39,install,,,,,SDK,,,Apple Search Ads,,clear wave,SPK_US_Discovery_14/04,1823833913,US_Broad,1824085852,,,,,,,,,,,,,,,,,,,,,,,,,,,,,,US,IL,Monticello,61856,648.0,67.220.73.184,True,,,,1749091155210-0170914,,,,,,0170E9A1-A4A6-4CA3-A6C1-519966A9AFDA,ios,,18.5,1.1,v6.15.2,id6743389913,WaveTune - Speaker Cleaner,com.app.clean.speaker.ware,False,,7d,,,SpeakerClean/13 CFNetwork/3826.500.131 Darwin/24.5.0,,
click,,2025-06-05 02:02:16,2025-06-05 02:02:16,install,,,,,SDK,,,Apple Search Ads,,clean wave,SPK_US_Discovery_14/04,1823833913,US_Broad,1824085852,,,,,,,,,,,,,,,,,,,,,,,,,,,,,,US,NC,Raleigh,27604,560.0,172.59.221.119,False,,,,1749088919015-7277588,,,,,,727FD758-8265-49F6-96AB-4D8E3352C2E6,ios,,18.3.1,1.1,v6.15.2,id6743389913,WaveTune - Speaker Cleaner,com.app.clean.speaker.ware,False,,7d,,,SpeakerClean/13 CFNetwork/3826.400.120 Darwin/24.3.0,,
click,,2025-06-05 02:01:00,2025-06-05 02:01:00,install,,,,,SDK,,,Apple Search Ads,,clean wave,SPK_US_Discovery_14/04,1823833913,US_Broad,1824085852,,,,,,,,,,,,,,,,,,,,,,,,,,,,,,US,CA,Covina,91724,803.0,172.56.183.212,False,,,,1749088840400-4931713,,D2BF3BC1-7EC7-4DCA-9697-AEE939E758A3,,,,E49E3171-36AE-4214-8523-8199FF61EB79,ios,,18.5,1.1,v6.15.2,id6743389913,WaveTune - Speaker Cleaner,com.app.clean.speaker.ware,False,,7d,,,SpeakerClean/13 CFNetwork/3826.500.131 Darwin/24.5.0,,
click,,2025-06-05 01:31:45,2025-06-05 01:31:45,install,,,,,SDK,,,Apple Search Ads,,clean wave,SPK_US_Discovery_14/04,1823833913,US_Broad,1824085852,,,,,,,,,,,,,,,,,,,,,,,,,,,,,,US,CA,Los Angeles,90023,803.0,172.114.93.122,True,,,,1749087085594-9339493,,,,,,C93FDD3E-B9FD-4931-8D6D-5940D24A585F,ios,,18.5,1.1,v6.15.2,id6743389913,WaveTune - Speaker Cleaner,com.app.clean.speaker.ware,False,,7d,,,SpeakerClean/13 CFNetwork/3826.500.131 Darwin/24.5.0,,
click,,2025-06-04 17:15:36,2025-06-04 17:15:36,install,,,,,SDK,,,Apple Search Ads,,clear wave,SPK_US_Discovery_14/04,1823833913,US_Broad,1824085852,,,,,,,,,,,,,,,,,,,,,,,,,,,,,,US,TN,Knoxville,37909,557.0,73.108.52.207,True,,,,1749057313483-7045140,,,,,,7EB0F45F-AD1A-4083-8847-6DCB72932841,ios,,18.5,1.1,v6.15.2,id6743389913,WaveTune - Speaker Cleaner,com.app.clean.speaker.ware,False,,7d,,,SpeakerClean/13 CFNetwork/3826.500.131 Darwin/24.5.0,,
click,,2025-06-04 10:05:26,2025-06-04 10:05:26,install,,,,,SDK,,,Apple Search Ads,,clean wave,SPK_US_Discovery_14/04,1823833913,US_Broad,1824085852,,,,,,,,,,,,,,,,,,,,,,,,,,,,,EU,RU,YAR,Rybinsk,152935,643001.0,217.15.128.213,True,,,,1749031340590-6226057,,,,,,62FAAE26-0572-47C7-88CD-70F16906CA58,ios,,18.3.1,1.1,v6.15.2,id6743389913,WaveTune - Speaker Cleaner,com.app.clean.speaker.ware,False,,7d,,,SpeakerClean/13 CFNetwork/3826.400.120 Darwin/24.3.0,,
click,,2025-06-04 09:33:36,2025-06-04 09:33:36,install,,,,,SDK,,,Apple Search Ads,,clear wave,SPK_US_Discovery_14/04,1823833913,US_Broad,1824085852,,,,,,,,,,,,,,,,,,,,,,,,,,,,,EU,DE,SN,Falkenstein,08223,276008.0,91.107.134.232,True,,,,1749029281028-2380194,,FDEF2C4E-3AF1-4AC3-B337-3027D6376A3B,,,,2B3BD801-E9A4-40B8-80AE-9B1E97D400CA,ios,,18.3.1,1.1,v6.15.2,id6743389913,WaveTune - Speaker Cleaner,com.app.clean.speaker.ware,False,,7d,,,SpeakerClean/13 CFNetwork/3826.400.120 Darwin/24.3.0,,
click,,2025-06-04 07:18:41,2025-06-04 07:18:41,install,,,,,SDK,,,Apple Search Ads,,water remover,SPK_US_Discovery_14/04,1823833913,US_Broad,1824085852,,,,,,,,,,,,,,,,,,,,,,,,,,,,,AS,TH,67,Wang Chomphu,67210,,49.237.41.135,False,,,,1749021505388-2532918,,,,,,CC2532A9-1865-48BA-BB23-999198C35D60,ios,,18.3.1,1.1,v6.15.2,id6743389913,WaveTune - Speaker Cleaner,com.app.clean.speaker.ware,False,,7d,,,SpeakerClean/13 CFNetwork/3826.400.120 Darwin/24.3.0,,
click,,2025-06-04 06:50:15,2025-06-04 06:50:15,install,,,,,SDK,,,Apple Search Ads,,clean wave,SPK_US_Discovery_14/04,1823833913,US_Broad,1824085852,,,,,,,,,,,,,,,,,,,,,,,,,,,,,AS,TH,57,Chiang Rai,57290,,1.46.155.84,False,,,,1749019787829-2670554,,FE1DFFEB-D825-477F-B0BD-6F3F3771FE48,,,,D2A6C7EA-0D55-4815-AF05-2F09ACDC5296,ios,,18.5,1.1,v6.15.2,id6743389913,WaveTune - Speaker Cleaner,com.app.clean.speaker.ware,False,,7d,,,SpeakerClean/13 CFNetwork/3826.500.131 Darwin/24.5.0,,
click,,2025-06-04 05:24:25,2025-06-04 05:24:25,install,,,,,SDK,,,Apple Search Ads,,clean wave,SPK_US_Discovery_14/04,1823833913,US_Broad,1824085852,,,,,,,,,,,,,,,,,,,,,,,,,,,,,,US,CA,Los Angeles,90049,803.0,75.82.148.96,True,,,,1749014646061-2430748,,,,,,24AE307D-4839-46D9-B968-EDE4D87763E2,ios,,18.5,1.1,v6.15.2,id6743389913,WaveTune - Speaker Cleaner,com.app.clean.speaker.ware,False,,7d,,,SpeakerClean/13 CFNetwork/3826.500.131 Darwin/24.5.0,,
click,,2025-06-04 03:06:43,2025-06-04 03:06:43,install,,,,,SDK,,,Apple Search Ads,,clear wave,SPK_US_Discovery_14/04,1823833913,US_Broad,1824085852,,,,,,,,,,,,,,,,,,,,,,,,,,,,,,US,IL,Anna,62906,632.0,24.100.79.84,True,,,,1749006387279-3392047,,27E0169F-5FA0-499D-8C06-BF9A3B685868,,,,FFCE3F39-2DA0-47BC-AA56-DDBC0AA0D648,ios,,18.3.2,1.1,v6.15.2,id6743389913,WaveTune - Speaker Cleaner,com.app.clean.speaker.ware,False,,7d,,,SpeakerClean/13 CFNetwork/3826.400.120 Darwin/24.3.0,,
click,,2025-06-04 02:29:42,2025-06-04 02:29:42,install,,,,,SDK,,,Apple Search Ads,,water remover,SPK_US_Discovery_14/04,1823833913,US_Broad,1824085852,,,,,,,,,,,,,,,,,,,,,,,,,,,,,EU,RU,ZAB,Shilka,673302,643005.0,95.189.76.239,True,,,,1749004170884-3519092,,,,,,3E51909C-2A54-4318-9819-07A52086040E,ios,,18.3.2,1.1,v6.15.2,id6743389913,WaveTune - Speaker Cleaner,com.app.clean.speaker.ware,False,,7d,,,SpeakerClean/13 CFNetwork/3826.400.120 Darwin/24.3.0,,
click,,2025-06-04 01:46:31,2025-06-04 01:46:31,install,,,,,SDK,,,Apple Search Ads,,water remover,SPK_US_Discovery_14/04,1823833913,US_Broad,1824085852,,,,,,,,,,,,,,,,,,,,,,,,,,,,,,US,IL,Berkeley,60163,602.0,172.59.191.78,False,,,,1749001580899-6375998,,C584A09E-E69B-4D58-B69D-7097398337B2,,,,63AC7F59-98EB-4549-8891-E686E1DB1276,ios,,18.4.1,1.1,v6.15.2,id6743389913,WaveTune - Speaker Cleaner,com.app.clean.speaker.ware,False,,7d,,,SpeakerClean/13 CFNetwork/3826.500.111.2.2 Darwin/24.4.0,,
click,,2025-06-04 00:42:43,2025-06-04 00:42:43,install,,,,,SDK,,,Apple Search Ads,,water eject,SPK_US_Discovery_14/04,1823833913,US_Broad,1824085852,,,,,,,,,,,,,,,,,,,,,,,,,,,,,,US,FL,Orlando,32829,534.0,172.56.78.144,False,,,,1748997751912-2969746,,76E45E02-443D-4C1C-9130-E6D5860FA531,,,,2969CE7B-4EE6-418A-80AF-52F81ACD21EF,ios,,18.5,1.1,v6.15.2,id6743389913,WaveTune - Speaker Cleaner,com.app.clean.speaker.ware,False,,7d,,,SpeakerClean/13 CFNetwork/3826.500.131 Darwin/24.5.0,,
click,,2025-06-03 22:55:25,2025-06-03 22:55:25,install,,,,,SDK,,,Apple Search Ads,,eject water,SPK_US_Discovery_14/04,1823833913,US_Broad,1824085852,,,,,,,,,,,,,,,,,,,,,,,,,,,,,,US,AL,Huntsville,35801,691.0,136.53.189.171,True,,,,1748991315031-3513176,,,,,,C35131DD-76B4-47C2-BD44-BA69C341D74B,ios,,18.5,1.1,v6.15.2,id6743389913,WaveTune - Speaker Cleaner,com.app.clean.speaker.ware,False,,7d,,,SpeakerClean/13 CFNetwork/3826.500.131 Darwin/24.5.0,,
click,,2025-06-03 21:16:57,2025-06-03 21:16:57,install,,,,,SDK,,,Apple Search Ads,,clear water,SPK_US_Discovery_14/04,1823833913,US_Broad,1824085852,,,,,,,,,,,,,,,,,,,,,,,,,,,,,EU,RU,VLG,Rodiontsevo,160022,,176.65.112.127,True,,,,1748985388805-0470333,,D45BDCC8-ADFB-495E-9A31-70C2AEED139D,,,,047C0D3D-3333-4BF8-9C49-63F40637C1BA,ios,,17.0.1,1.1,v6.15.2,id6743389913,WaveTune - Speaker Cleaner,com.app.clean.speaker.ware,False,,7d,,,SpeakerClean/13 CFNetwork/1474 Darwin/23.0.0,,
click,,2025-06-03 20:05:23,2025-06-03 20:05:23,install,,,,,SDK,,,Apple Search Ads,,clear wave,SPK_US_Discovery_14/04,1823833913,US_Broad,1824085852,,,,,,,,,,,,,,,,,,,,,,,,,,,,,,US,GA,Macon,31202,503.0,75.88.205.18,True,,,,1748981099268-6158841,,,,,,C615D8BA-F8FF-41DE-8FA8-AC1CDCB21868,ios,,18.3.1,1.1,v6.15.2,id6743389913,WaveTune - Speaker Cleaner,com.app.clean.speaker.ware,False,,7d,,,SpeakerClean/13 CFNetwork/3826.400.120 Darwin/24.3.0,,
click,,2025-06-03 19:41:47,2025-06-03 19:41:47,install,,,,,SDK,,,Apple Search Ads,,speaker cleaner,SPK_US_Discovery_14/04,1823833913,US_Broad,1824085852,,,,,,,,,,,,,,,,,,,,,,,,,,,,,AF,NG,LA,Ikorodu,104211,,102.89.23.138,False,,,,1748979671618-1449654,,,,,,1BEDFB4B-4965-4C06-A7A2-10C95D3DCD86,ios,,17.5.1,1.1,v6.15.2,id6743389913,WaveTune - Speaker Cleaner,com.app.clean.speaker.ware,False,,7d,,,SpeakerClean/13 CFNetwork/1496.0.7 Darwin/23.5.0,,
click,,2025-06-03 19:04:16,2025-06-03 19:04:16,install,,,,,SDK,,,Apple Search Ads,,clean wave,SPK_US_Discovery_14/04,1823833913,US_Broad,1824085852,,,,,,,,,,,,,,,,,,,,,,,,,,,,,EU,RU,SPE,Ozerki,194356,643003.0,94.19.125.46,True,,,,1748977438444-2045708,,4BFEF4B2-5086-4D16-926B-38BD1676E215,,,,20EC4C57-A08A-47B9-9E22-E75CB757B624,ios,,16.2,1.1,v6.15.2,id6743389913,WaveTune - Speaker Cleaner,com.app.clean.speaker.ware,False,,7d,,,SpeakerClean/13 CFNetwork/1402.0.8 Darwin/22.2.0,,
click,,2025-06-03 13:58:25,2025-06-03 13:58:25,install,,,,,SDK,,,Apple Search Ads,,clear wave,SPK_US_Discovery_14/04,1823833913,US_Broad,1824085852,,,,,,,,,,,,,,,,,,,,,,,,,,,,,AS,IR,07,Kavar,71,,5.119.192.96,False,,,,1748959050245-3782502,,,,,,378F250A-CB2C-4861-9C2E-AF480CB2F3B9,ios,,18.5,1.1,v6.15.2,id6743389913,WaveTune - Speaker Cleaner,com.app.clean.speaker.ware,False,,7d,,,SpeakerClean/13 CFNetwork/3826.500.131 Darwin/24.5.0,,
click,,2025-06-03 09:56:46,2025-06-03 09:56:46,install,,,,,SDK,,,Apple Search Ads,,eject water,SPK_US_Discovery_14/04,1823833913,US_Broad,1824085852,,,,,,,,,,,,,,,,,,,,,,,,,,,,,EU,RU,ORL,Oryol,302010,,213.87.151.211,False,,,,1748944558044-2954621,,,,,,2954B621-3A10-49A8-95EF-595E026EBFA5,ios,,18.3.2,1.1,v6.15.2,id6743389913,WaveTune - Speaker Cleaner,com.app.clean.speaker.ware,False,,7d,,,SpeakerClean/13 CFNetwork/3826.400.120 Darwin/24.3.0,,
click,,2025-06-03 01:48:10,2025-06-03 01:48:10,install,,,,,SDK,,,Apple Search Ads,,clear wave,SPK_US_Discovery_14/04,1823833913,US_Broad,1824085852,,,,,,,,,,,,,,,,,,,,,,,,,,,,,,US,NC,New London,28127,517.0,74.206.91.232,True,,,,1748915276847-2169926,,,,,,D216992C-6A7C-4F30-AE6D-2F687CE69EEE,ios,,18.5,1.1,v6.15.2,id6743389913,WaveTune - Speaker Cleaner,com.app.clean.speaker.ware,False,,7d,,,SpeakerClean/13 CFNetwork/3826.500.131 Darwin/24.5.0,,
click,,2025-06-03 00:57:57,2025-06-03 00:57:57,install,,,,,SDK,,,Apple Search Ads,,clear wave,SPK_US_Discovery_14/04,1823833913,US_Broad,1824085852,,,,,,,,,,,,,,,,,,,,,,,,,,,,,,US,CA,Perris,92570,803.0,76.32.171.43,True,,,,1748912247253-7208780,,CB9C2A21-BA9E-4944-822C-63F473C016BD,,,,7AC20878-E00B-4334-AE92-FDFB7AD650D7,ios,,18.5,1.1,v6.15.2,id6743389913,WaveTune - Speaker Cleaner,com.app.clean.speaker.ware,False,,7d,,,SpeakerClean/13 CFNetwork/3826.500.131 Darwin/24.5.0,,
click,,2025-06-03 00:09:49,2025-06-03 00:09:49,install,,,,,SDK,,,Apple Search Ads,,speaker cleaner,SPK_US_Discovery_14/04,1823833913,US_Broad,1824085852,,,,,,,,,,,,,,,,,,,,,,,,,,,,,,US,IN,Indianapolis,46204,527.0,47.227.22.251,True,,,,1748909142234-8501049,,,,,,DFAFB85E-B010-4E96-9595-85BEF652952A,ios,,18.5,1.1,v6.15.2,id6743389913,WaveTune - Speaker Cleaner,com.app.clean.speaker.ware,False,,7d,,,SpeakerClean/13 CFNetwork/3826.500.131 Darwin/24.5.0,,
click,,2025-06-02 22:59:41,2025-06-02 22:59:41,install,,,,,SDK,,,Apple Search Ads,,clear wave,SPK_US_Discovery_14/04,1823833913,US_Broad,1824085852,,,,,,,,,,,,,,,,,,,,,,,,,,,,,,US,MI,Sault Sainte Marie,49783,540.0,174.84.142.193,True,,,,1748905174219-5640997,,,,,,E5EECEBD-B6EE-4C0B-99B7-B04E1441A351,ios,,18.5,1.1,v6.15.2,id6743389913,WaveTune - Speaker Cleaner,com.app.clean.speaker.ware,False,,7d,,,SpeakerClean/13 CFNetwork/3826.500.131 Darwin/24.5.0,,
click,,2025-06-02 22:52:07,2025-06-02 22:52:07,install,,,,,SDK,,,Apple Search Ads,,clear wave,SPK_US_Discovery_14/04,1823833913,US_Broad,1824085852,,,,,,,,,,,,,,,,,,,,,,,,,,,,,,US,CA,Brentwood,94513,807.0,67.160.248.66,True,,,,1748904111029-8243777,,9A359365-46B0-4E83-8DF0-C89678B94212,,,,8D24E377-7EE2-4A2A-900F-CA6C1DDD29CE,ios,,18.3.2,1.1,v6.15.2,id6743389913,WaveTune - Speaker Cleaner,com.app.clean.speaker.ware,False,,7d,,,SpeakerClean/13 CFNetwork/3826.400.120 Darwin/24.3.0,,
click,,2025-06-02 22:41:01,2025-06-02 22:41:01,install,,,,,SDK,,,Apple Search Ads,,clear wave,SPK_US_Discovery_14/04,1823833913,US_Broad,1824085852,,,,,,,,,,,,,,,,,,,,,,,,,,,,,,US,FL,Miami,33162,528.0,73.57.168.64,True,,,,1748903942643-5497696,,,,,,C54976F9-6581-435A-AC97-F2939F113270,ios,,18.3.2,1.1,v6.15.2,id6743389913,WaveTune - Speaker Cleaner,com.app.clean.speaker.ware,False,,7d,,,SpeakerClean/13 CFNetwork/3826.400.120 Darwin/24.3.0,,
click,,2025-06-02 20:49:49,2025-06-02 20:49:49,install,,,,,SDK,,,Apple Search Ads,,clear wave,SPK_US_Discovery_14/04,1823833913,US_Broad,1824085852,,,,,,,,,,,,,,,,,,,,,,,,,,,,,,US,MI,Fenton,48430,513.0,35.149.108.133,True,,,,1748897365884-3289974,,805CD59A-6C14-4B86-838B-68622F1787BC,,,,F32C8F99-7DA4-466C-87B1-AAC59C6D74DB,ios,,18.5,1.1,v6.15.2,id6743389913,WaveTune - Speaker Cleaner,com.app.clean.speaker.ware,False,,7d,,,SpeakerClean/13 CFNetwork/3826.500.131 Darwin/24.5.0,,
click,,2025-06-02 20:23:56,2025-06-02 20:23:56,install,,,,,SDK,,,Apple Search Ads,,clear water,SPK_US_Discovery_14/04,1823833913,US_Broad,1824085852,,,,,,,,,,,,,,,,,,,,,,,,,,,,,,US,NC,Charlotte,28215,517.0,172.58.250.178,False,,,,1748895827191-9277917,,,,,,9A277917-173F-458C-8683-ACE65D26F6CA,ios,,18.4.1,1.1,v6.15.2,id6743389913,WaveTune - Speaker Cleaner,com.app.clean.speaker.ware,False,,7d,,,SpeakerClean/13 CFNetwork/3826.500.111.2.2 Darwin/24.4.0,,
click,,2025-06-02 19:36:13,2025-06-02 19:36:13,install,,,,,SDK,,,Apple Search Ads,,speaker cleaner,SPK_US_Discovery_14/04,1823833913,US_Broad,1824085852,,,,,,,,,,,,,,,,,,,,,,,,,,,,,,US,KY,Louisville,40219,529.0,74.140.145.176,True,,,,1748892965695-4575449,,,,,,DB4FF5D7-AD54-492B-81F4-4370A9E52F35,ios,,18.5,1.1,v6.15.2,id6743389913,WaveTune - Speaker Cleaner,com.app.clean.speaker.ware,False,,7d,,,SpeakerClean/13 CFNetwork/3826.500.131 Darwin/24.5.0,,
click,,2025-06-02 18:42:15,2025-06-02 18:42:15,install,,,,,SDK,,,Apple Search Ads,,clear wave,SPK_US_Discovery_14/04,1823833913,US_Broad,1824085852,,,,,,,,,,,,,,,,,,,,,,,,,,,,,,US,FL,Boca Raton,33433,548.0,76.26.63.252,True,,,,1748889703266-2400638,,0BE5D309-C17D-4D45-B2B0-A815692232D3,,,,240063F8-8B66-4CA2-AA94-48D73735C2ED,ios,,18.5,1.1,v6.15.2,id6743389913,WaveTune - Speaker Cleaner,com.app.clean.speaker.ware,False,,7d,,,SpeakerClean/13 CFNetwork/3826.500.131 Darwin/24.5.0,,
click,,2025-06-02 13:03:26,2025-06-02 13:03:26,install,,,,,SDK,,,Apple Search Ads,,clear wave,SPK_US_Discovery_14/04,1823833913,US_Broad,1824085852,,,,,,,,,,,,,,,,,,,,,,,,,,,,,AS,MM,06,Hlaing,11051,,45.112.47.24,False,,,,1748869186566-1542817,,877599D8-721E-4FDA-826B-755828952D04,,,,E154C281-76E9-4D15-8C05-EA3D6C73E068,ios,,18.3.1,1.1,v6.15.2,id6743389913,WaveTune - Speaker Cleaner,com.app.clean.speaker.ware,False,,7d,,,SpeakerClean/13 CFNetwork/3826.400.120 Darwin/24.3.0,,
click,,2025-06-02 11:30:09,2025-06-02 11:30:09,install,,,,,SDK,,,Apple Search Ads,,water remover,SPK_US_Discovery_14/04,1823833913,US_Broad,1824085852,,,,,,,,,,,,,,,,,,,,,,,,,,,,,,US,VA,Chantilly,20152,511.0,71.163.61.71,True,,,,1748863794705-2732535,,,,,,CC273F25-3F5C-4048-BCA6-19D641960A13,ios,,18.5,1.1,v6.15.2,id6743389913,WaveTune - Speaker Cleaner,com.app.clean.speaker.ware,False,,7d,,,SpeakerClean/13 CFNetwork/3826.500.131 Darwin/24.5.0,,
click,,2025-06-02 09:34:55,2025-06-02 09:34:55,install,,,,,SDK,,,Apple Search Ads,,clear wave,SPK_US_Discovery_14/04,1823833913,US_Broad,1824085852,,,,,,,,,,,,,,,,,,,,,,,,,,,,,AS,TH,65,Hua Ro,65000,,182.232.236.240,False,,,,1748856661930-9239485,,,,,,923948B5-5DA1-4E83-9EBF-B116A3062E38,ios,,18.5,1.1,v6.15.2,id6743389913,WaveTune - Speaker Cleaner,com.app.clean.speaker.ware,False,,7d,,,SpeakerClean/13 CFNetwork/3826.500.131 Darwin/24.5.0,,
click,,2025-06-02 07:09:41,2025-06-02 07:09:41,install,,,,,SDK,,,Apple Search Ads,,eject water,SPK_US_Discovery_14/04,1823833913,US_Broad,1824085852,,,,,,,,,,,,,,,,,,,,,,,,,,,,,AS,MM,07,Oke Hpo Kone,1018204,,202.165.83.158,True,,,,1748848021807-2559972,,D8F7D1AF-5D15-43B2-B837-138D884FE040,,,,2C55A9C9-7292-4E15-87BE-A55B1B45927A,ios,,18.3.2,1.1,v6.15.2,id6743389913,WaveTune - Speaker Cleaner,com.app.clean.speaker.ware,False,,7d,,,SpeakerClean/13 CFNetwork/3826.400.120 Darwin/24.3.0,,
click,,2025-06-02 04:25:48,2025-06-02 04:25:48,install,,,,,SDK,,,Apple Search Ads,,clear water,SPK_US_Discovery_14/04,1823833913,US_Broad,1824085852,,,,,,,,,,,,,,,,,,,,,,,,,,,,,,US,MN,St Paul,55106,613.0,73.24.15.131,True,,,,1748838334589-9658105,,,,,,96BC5810-B574-4740-97D8-BC14B594DE23,ios,,18.4.1,1.1,v6.15.2,id6743389913,WaveTune - Speaker Cleaner,com.app.clean.speaker.ware,False,,7d,,,SpeakerClean/13 CFNetwork/3826.500.111.2.2 Darwin/24.4.0,,
click,,2025-06-02 04:04:14,2025-06-02 04:04:14,install,,,,,SDK,,,Apple Search Ads,,clear wave,SPK_US_Discovery_14/04,1823833913,US_Broad,1824085852,,,,,,,,,,,,,,,,,,,,,,,,,,,,,,US,TN,Dandridge,37725,557.0,174.212.163.126,False,,,,1748837042719-5022994,,,,,,BEE502CE-D299-4489-B808-69FB48FE1431,ios,,18.5,1.1,v6.15.2,id6743389913,WaveTune - Speaker Cleaner,com.app.clean.speaker.ware,False,,7d,,,SpeakerClean/13 CFNetwork/3826.500.131 Darwin/24.5.0,,
click,,2025-06-02 03:04:18,2025-06-02 03:04:18,install,,,,,SDK,,,Apple Search Ads,,clear wave,SPK_US_Discovery_14/04,1823833913,US_Broad,1824085852,,,,,,,,,,,,,,,,,,,,,,,,,,,,,,MX,TAM,Control Cik 9,87552,,148.244.179.50,True,,,,1748833424384-8199756,,56E15F98-F104-4FCB-820A-DB432246D2A3,,,,A8BF1B99-7560-46EE-A512-E41DCF39566B,ios,,18.5,1.1,v6.15.2,id6743389913,WaveTune - Speaker Cleaner,com.app.clean.speaker.ware,False,,7d,,,SpeakerClean/13 CFNetwork/3826.500.131 Darwin/24.5.0,,
click,,2025-06-02 02:35:25,2025-06-02 02:35:25,install,,,,,SDK,,,Apple Search Ads,,clear wave,SPK_US_Discovery_14/04,1823833913,US_Broad,1824085852,,,,,,,,,,,,,,,,,,,,,,,,,,,,,,US,MO,St Louis,63136,609.0,99.63.166.7,True,,,,1748831718124-5050874,,,,,,A505DACE-0B87-4EFE-83A7-565A2775DB53,ios,,18.5,1.1,v6.15.2,id6743389913,WaveTune - Speaker Cleaner,com.app.clean.speaker.ware,False,,7d,,,SpeakerClean/13 CFNetwork/3826.500.131 Darwin/24.5.0,,
click,,2025-06-02 02:16:37,2025-06-02 02:16:37,install,,,,,SDK,,,Apple Search Ads,,clear wave,SPK_US_Discovery_14/04,1823833913,US_Broad,1824085852,,,,,,,,,,,,,,,,,,,,,,,,,,,,,,PR,NO REGION,San Juan,00920,,66.50.50.254,False,,,,1748830582394-9630354,,E65C8900-0377-49DB-BF39-DB439E488B1F,,,,9DCD6303-5FCF-48C4-950A-0C8E9F804D06,ios,,18.5,1.1,v6.15.2,id6743389913,WaveTune - Speaker Cleaner,com.app.clean.speaker.ware,False,,7d,,,SpeakerClean/13 CFNetwork/3826.500.131 Darwin/24.5.0,,
click,,2025-06-02 01:47:08,2025-06-02 01:47:08,install,,,,,SDK,,,Apple Search Ads,,eject water,SPK_US_Discovery_14/04,1823833913,US_Broad,1824085852,,,,,,,,,,,,,,,,,,,,,,,,,,,,,,US,LA,Rayville,71269,628.0,24.72.166.147,True,,,,1748828818001-5037868,,,,,,50CD378A-C6C8-412D-A40A-884724AFA94F,ios,,18.5,1.1,v6.15.2,id6743389913,WaveTune - Speaker Cleaner,com.app.clean.speaker.ware,False,,7d,,,SpeakerClean/13 CFNetwork/3826.500.131 Darwin/24.5.0,,
click,,2025-06-02 01:18:23,2025-06-02 01:18:23,install,,,,,SDK,,,Apple Search Ads,,clear wave,SPK_US_Discovery_14/04,1823833913,US_Broad,1824085852,,,,,,,,,,,,,,,,,,,,,,,,,,,,,AS,IQ,AR,Arbil,44,,130.193.242.47,True,,,,1748845048178-6895729,,,,,,68E95729-DCE2-4CEB-ABBC-227130F4B8CB,ios,,18.4.1,1.1,v6.15.2,id6743389913,WaveTune - Speaker Cleaner,com.app.clean.speaker.ware,False,,7d,,,SpeakerClean/13 CFNetwork/3826.500.111.2.2 Darwin/24.4.0,,
click,,2025-06-01 20:37:51,2025-06-01 20:37:51,install,,,,,SDK,,,Apple Search Ads,,clear wave,SPK_US_Discovery_14/04,1823833913,US_Broad,1824085852,,,,,,,,,,,,,,,,,,,,,,,,,,,,,,US,NC,Wilmington,28403,550.0,65.188.73.10,False,,,,1748795266616-0646524,,,,,,0A64B652-EFDE-45E0-8C14-7E6E2E157B71,ios,,18.4.1,1.1,v6.15.2,id6743389913,WaveTune - Speaker Cleaner,com.app.clean.speaker.ware,False,,7d,,,SpeakerClean/13 CFNetwork/3826.500.111.2.2 Darwin/24.4.0,,
click,,2025-06-01 19:22:36,2025-06-01 19:22:36,install,,,,,SDK,,,Apple Search Ads,,clear wave,SPK_US_Discovery_14/04,1823833913,US_Broad,1824085852,,,,,,,,,,,,,,,,,,,,,,,,,,,,,AF,TZ,02,Dar Es Salaam,14110,,169.255.185.85,False,,,,1748805515327-2810548,,,,,,E28105F4-81C3-4145-866F-2F310F8330B8,ios,,18.2,1.1,v6.15.2,id6743389913,WaveTune - Speaker Cleaner,com.app.clean.speaker.ware,False,,7d,,,SpeakerClean/13 CFNetwork/1568.300.101 Darwin/24.2.0,,
click,,2025-06-01 19:10:13,2025-06-01 19:10:13,install,,,,,SDK,,,Apple Search Ads,,clear wave,SPK_US_Discovery_14/04,1823833913,US_Broad,1824085852,,,,,,,,,,,,,,,,,,,,,,,,,,,,,AS,IR,23,Tehran,13,,5.113.240.18,False,,,,1748805002345-8788506,,,,,,87A88F50-E6E6-48C8-8F81-FBBCD1E889C3,ios,,17.5.1,1.1,v6.15.2,id6743389913,WaveTune - Speaker Cleaner,com.app.clean.speaker.ware,False,,7d,,,SpeakerClean/13 CFNetwork/1496.0.7 Darwin/23.5.0,,
click,,2025-06-01 18:49:06,2025-06-01 18:49:06,install,,,,,SDK,,,Apple Search Ads,,clear wave,SPK_US_Discovery_14/04,1823833913,US_Broad,1824085852,,,,,,,,,,,,,,,,,,,,,,,,,,,,,AF,SN,TH,Mbour,23000,,41.82.171.117,False,,,,1748803714601-5360901,,8D2A6EC0-B73F-4429-8260-C6EFEAC3DE21,,,,5360901D-4F70-4FEC-BDF5-3058FE05D8B3,ios,,18.5,1.1,v6.15.2,id6743389913,WaveTune - Speaker Cleaner,com.app.clean.speaker.ware,False,,7d,,,SpeakerClean/13 CFNetwork/3826.500.131 Darwin/24.5.0,,
click,,2025-06-01 15:01:44,2025-06-01 15:01:44,install,,,,,SDK,,,Apple Search Ads,,water remover,SPK_US_Discovery_14/04,1823833913,US_Broad,1824085852,,,,,,,,,,,,,,,,,,,,,,,,,,,,,,US,IL,Chicago,60605,602.0,67.220.75.238,True,,,,1748790084180-0938007,,,,,,09E3800D-C774-402F-BAF3-37547558A72E,ios,,18.5,1.1,v6.15.2,id6743389913,WaveTune - Speaker Cleaner,com.app.clean.speaker.ware,False,,7d,,,SpeakerClean/13 CFNetwork/3826.500.131 Darwin/24.5.0,,
click,,2025-06-01 09:40:38,2025-06-01 09:40:38,install,,,,,SDK,,,Apple Search Ads,,clear wave,SPK_US_Discovery_14/04,1823833913,US_Broad,1824085852,,,,,,,,,,,,,,,,,,,,,,,,,,,,,AF,GH,AA,Augustinesborg,,,41.215.173.25,False,,,,1748770805434-1217745,,65C7A18A-ADA2-4BA2-B4BC-96424EBF7F61,,,,F1EC2E17-A7BB-4509-9759-C7EE2BAE82DE,ios,,16.0.2,1.1,v6.15.2,id6743389913,WaveTune - Speaker Cleaner,com.app.clean.speaker.ware,False,,7d,,,SpeakerClean/13 CFNetwork/1390 Darwin/22.0.0,,
click,,2025-06-01 04:26:03,2025-06-01 04:26:03,install,,,,,SDK,,,Apple Search Ads,,clear wave,SPK_US_Discovery_14/04,1823833913,US_Broad,1824085852,,,,,,,,,,,,,,,,,,,,,,,,,,,,,,US,NJ,Freehold,07728,501.0,74.102.89.97,True,,,,1748751945038-0769234,,,,,,0F76E92D-CB3E-4CA0-9B0C-33D1CDCCAEA7,ios,,18.5,1.1,v6.15.2,id6743389913,WaveTune - Speaker Cleaner,com.app.clean.speaker.ware,False,,7d,,,SpeakerClean/13 CFNetwork/3826.500.131 Darwin/24.5.0,,
click,,2025-06-01 03:19:03,2025-06-01 03:19:03,install,,,,,SDK,,,Apple Search Ads,,clear wave,SPK_US_Discovery_14/04,1823833913,US_Broad,1824085852,,,,,,,,,,,,,,,,,,,,,,,,,,,,,,US,GA,Duluth,30097,524.0,76.205.203.27,True,,,,1748747937433-8487604,,,,,,84C876CE-0EDF-4C8D-8474-40C42429F6D8,ios,,18.4.1,1.1,v6.15.2,id6743389913,WaveTune - Speaker Cleaner,com.app.clean.speaker.ware,False,,7d,,,SpeakerClean/13 CFNetwork/3826.500.111.2.2 Darwin/24.4.0,,
click,,2025-06-01 03:12:14,2025-06-01 03:12:14,install,,,,,SDK,,,Apple Search Ads,,clear wave,SPK_US_Discovery_14/04,1823833913,US_Broad,1824085852,,,,,,,,,,,,,,,,,,,,,,,,,,,,,,MX,DUR,Victoria De Durango,34217,,187.244.65.239,True,,,,1748747514365-3382061,,1F6189E3-7C50-4F80-950F-76BA6045BF54,,,,338206DB-B1D6-4930-954D-DF284313B8E4,ios,,18.5,1.1,v6.15.2,id6743389913,WaveTune - Speaker Cleaner,com.app.clean.speaker.ware,False,,7d,,,SpeakerClean/13 CFNetwork/3826.500.131 Darwin/24.5.0,,
click,,2025-06-01 01:57:03,2025-06-01 01:57:03,install,,,,,SDK,,,Apple Search Ads,,clear wave,SPK_US_Discovery_14/04,1823833913,US_Broad,1824085852,,,,,,,,,,,,,,,,,,,,,,,,,,,,,,US,NY,Bronx,10456,501.0,71.190.197.6,True,,,,1748743016847-8938230,,3AA67183-EC92-4A1A-86AA-855F52D37641,,,,C89CEC38-2F30-4A3C-BCC6-A852EBD9C1C0,ios,,18.5,1.1,v6.15.2,id6743389913,WaveTune - Speaker Cleaner,com.app.clean.speaker.ware,False,,7d,,,SpeakerClean/13 CFNetwork/3826.500.131 Darwin/24.5.0,,
click,,2025-06-01 01:35:50,2025-06-01 01:35:50,install,,,,,SDK,,,Apple Search Ads,,eject water,SPK_US_Discovery_14/04,1823833913,US_Broad,1824085852,,,,,,,,,,,,,,,,,,,,,,,,,,,,,,US,CA,Bakersfield,93306,800.0,172.56.121.117,False,,,,1748741723113-0230914,,,,,,E02E309B-1409-4589-8F30-51C5E611A465,ios,,18.5,1.1,v6.15.2,id6743389913,WaveTune - Speaker Cleaner,com.app.clean.speaker.ware,False,,7d,,,SpeakerClean/13 CFNetwork/3826.500.131 Darwin/24.5.0,,
